Página,Redirección,Encontrado en páginas
https://www.caldea.com/belleza-by-natura-bisse,https://www.caldea.com/,2
https://www.caldea.com/blog/?lang=es,https://www.caldea.com/blog/,55
https://www.caldea.com/ca/bellesa-by-natura-bisse,https://www.caldea.com/,2
https://www.caldea.com/ca/massatges/duo,https://www.caldea.com/,3
https://www.caldea.com/ca/massatges/infantil,https://www.caldea.com/,1
https://www.caldea.com/ca/massatges/premama,https://www.caldea.com/,1
https://www.caldea.com/ca/meu-compte-historial,https://www.caldea.com/ca/login,3754
https://www.caldea.com/ca/plus/entrada-migdies,https://www.caldea.com/ca/,2
https://www.caldea.com/ca/premium/3d-collagen-shock-60-minuts,https://www.caldea.com/ca/,1
https://www.caldea.com/ca/premium/abhyanga-60-min,https://www.caldea.com/ca/,1
https://www.caldea.com/ca/premium/aranges-massatge-aromatic,https://www.caldea.com/ca/,2
https://www.caldea.com/ca/premium/bicicleta-virtual-solidaria,https://www.caldea.com/ca/,1
https://www.caldea.com/ca/premium/detox-energie-basic-sothys-45,https://www.caldea.com/ca/,1
https://www.caldea.com/ca/premium/detox-energie-intensiu-sothys-75,https://www.caldea.com/ca/,2
https://www.caldea.com/ca/premium/diamond-experience-multisensorial-90-minuts,https://www.caldea.com/ca/,1
https://www.caldea.com/ca/premium/emblema-aprimament-sothys-60,https://www.caldea.com/ca/,1
https://www.caldea.com/ca/premium/entrada-3h-aturada-tecninca-taquilla,https://www.caldea.com/ca/,1
https://www.caldea.com/ca/premium/entrada-de-nit,https://www.caldea.com/ca/,7
https://www.caldea.com/ca/premium/entrada-menu-siam-shiki-oferta-especial,https://www.caldea.com/ca/,1
https://www.caldea.com/ca/premium/entrada-premium-massatge-30min-private-wellness-spa-no-ok,https://www.caldea.com/,1
https://www.caldea.com/ca/premium/entrada-premium-menu-hard-rock,https://www.caldea.com/ca/,1
https://www.caldea.com/ca/premium/entrada-premium-menu-restaurant-mediterrani,https://www.caldea.com/,1
https://www.caldea.com/ca/premium/entrada-promocio-3h,https://www.caldea.com/ca/,1
https://www.caldea.com/ca/premium/entrada-tarda-a-premium,https://www.caldea.com/ca/,1
https://www.caldea.com/ca/premium/escapada-primavera-entrada-3-hores-hotel-4,https://www.caldea.com/,1
https://www.caldea.com/ca/premium/festival-classicand-makom,https://www.caldea.com/,1
https://www.caldea.com/ca/premium/ie11025-entrada-premium-3-hores,https://www.caldea.com/ca/,1
https://www.caldea.com/ca/premium/indian-head-and-face-30,https://www.caldea.com/ca/,1
https://www.caldea.com/ca/premium/indonesia-ancestral-sothys-60,https://www.caldea.com/ca/,1
https://www.caldea.com/ca/premium/oferta-entrada-esqui-ordino-arcalis,https://www.caldea.com/ca/,1
https://www.caldea.com/ca/premium/oferta-entrada-hotel-panorama-menu-siam-shiki,https://www.caldea.com/ca/,1
https://www.caldea.com/ca/premium/oferta-entrada-massatge-1-hora-20-descompte,https://www.caldea.com/ca/,2
https://www.caldea.com/ca/premium/oferta-entrada-vallnord,https://www.caldea.com/ca/,2
https://www.caldea.com/ca/premium/oferta-especial-entrada-hotel-mola-park,https://www.caldea.com/ca/,1
https://www.caldea.com/ca/premium/oferta-especial-hotel-panorama-andorra,https://www.caldea.com/ca/,1
https://www.caldea.com/ca/premium/oferta-especial-spa-hotel-panorama,https://www.caldea.com/ca/,1
https://www.caldea.com/ca/premium/oferta-oxigenacio-temporada-sothys,https://www.caldea.com/,2
https://www.caldea.com/ca/premium/oferta-premium-hotel-centric-4estrelles,https://www.caldea.com/ca/,1
https://www.caldea.com/ca/premium/oferta-spa-nadal-entrada-arthotel-4,https://www.caldea.com/,1
https://www.caldea.com/ca/premium/oxigenacio-temporada-sothys-60,https://www.caldea.com/ca/,1
https://www.caldea.com/ca/premium/padabhyanga-30,https://www.caldea.com/ca/,1
https://www.caldea.com/ca/premium/premium-citrus-boby-scrub-60min,https://www.caldea.com/ca/,1
https://www.caldea.com/ca/premium/premium-molapark-hotel-massatge-60min,https://www.caldea.com/ca/,1
https://www.caldea.com/ca/premium/promo-massatge-esquen-oli-cbd,https://www.caldea.com/ca/,1
https://www.caldea.com/ca/premium/promocio-black-friday,https://www.caldea.com/ca/,1
https://www.caldea.com/ca/premium/promocio-entrada-hotel-les-closes-3,https://www.caldea.com/,2
https://www.caldea.com/ca/premium/promocio-entrada-hotel-mola-park-4,https://www.caldea.com/ca/,1
https://www.caldea.com/ca/premium/promocio-entrada-masatge-hotel-mola-park-4,https://www.caldea.com/ca/,1
https://www.caldea.com/ca/premium/promocio-entrada-massatge-hotel-les-closes-3,https://www.caldea.com/,1
https://www.caldea.com/ca/premium/royal-citrus-ritual-60-minuts,https://www.caldea.com/ca/,1
https://www.caldea.com/ca/premium/shiroabhyanga-30,https://www.caldea.com/ca/,1
https://www.caldea.com/ca/premium/spa-hotel-les-closes-carnet-jove,https://www.caldea.com/,1
https://www.caldea.com/ca/premium/spa-jazz-festival-andorra,https://www.caldea.com/ca/,1
https://www.caldea.com/ca/premium/spa-privat-30-min-exclusiu-web,https://www.caldea.com/ca/,2
https://www.caldea.com/ca/premium/the-cure-30-min,https://www.caldea.com/ca/,1
https://www.caldea.com/ca/premium/the-cure-higiene-profunda-60-min,https://www.caldea.com/ca/,1
https://www.caldea.com/ca/premium/tractament-abhyanga-ubtan-90,https://www.caldea.com/ca/,1
https://www.caldea.com/ca/premium/tractament-facial-collagen-shock-60-minuts,https://www.caldea.com/ca/,3
https://www.caldea.com/ca/premium/udvarthanam-75,https://www.caldea.com/ca/,1
https://www.caldea.com/ca/premium/xiatsu-60,https://www.caldea.com/ca/,1
https://www.caldea.com/ca/private-spa,https://www.caldea.com/,1
https://www.caldea.com/ca/reserva-un-taller,https://www.caldea.com/ca/place-order,1
https://www.caldea.com/ca/termoludic/1-entrada-adult-1-entrada-de-nen-gratis,https://www.caldea.com/ca/,7
https://www.caldea.com/ca/termoludic/50-entrada-al-termoludic-massatge-20-min,https://www.caldea.com/,3
https://www.caldea.com/ca/termoludic/aventura-spa-nens-vallnord-i-naturlandia,https://www.caldea.com/,1
https://www.caldea.com/ca/termoludic/circ-sol-diva-termoludic-hotel-closes,https://www.caldea.com/ca/,1
https://www.caldea.com/ca/termoludic/circ-sol-hotel-espel,https://www.caldea.com/,1
https://www.caldea.com/ca/termoludic/circ-sol-rebel-termoludic-hotel-centric,https://www.caldea.com/,1
https://www.caldea.com/ca/termoludic/entrada-dinar-hard-rock-andorra,https://www.caldea.com/ca/,1
https://www.caldea.com/ca/termoludic/entrada-matins-exclusiva-web,https://www.caldea.com/ca/,1
https://www.caldea.com/ca/termoludic/entrada-nit-telecabina-vallnord-la-massana-pal,https://www.caldea.com/ca/,2
https://www.caldea.com/ca/termoludic/entrada-pal-arinsal-oferta-limitada,https://www.caldea.com/ca/,4
https://www.caldea.com/ca/termoludic/entrada-spa-dinar-restaurant-aquatic-espectacle,https://www.caldea.com/ca/,1
https://www.caldea.com/ca/termoludic/entrada-spa-i-origens-sopar-rest-blu-espectacle,https://www.caldea.com/ca/,3
https://www.caldea.com/ca/termoludic/entrada-termoludic-activitats-vallnord-pal-arinsal,https://www.caldea.com/,1
https://www.caldea.com/ca/termoludic/entrada-termoludic-entrada-world-padel-tour,https://www.caldea.com/ca/,1
https://www.caldea.com/ca/termoludic/entrada-termoludic-karts-al-palau-de-gel-de-canillo,https://www.caldea.com/ca/,1
https://www.caldea.com/ca/termoludic/festival-jazz-andorra,https://www.caldea.com/,2
https://www.caldea.com/ca/termoludic/massatge-gravitas-45min,https://www.caldea.com/ca/,2
https://www.caldea.com/ca/termoludic/massatge-infantil-30min,https://www.caldea.com/ca/,2
https://www.caldea.com/ca/termoludic/oferta-anticipada-entrada-esqui-vallnord-hotel-closes-3,https://www.caldea.com/ca/,3
https://www.caldea.com/ca/termoludic/oferta-anticipada-entrada-esqui-vallnord-hotel-mola-park-4,https://www.caldea.com/ca/,1
https://www.caldea.com/ca/termoludic/oferta-black-friday,https://www.caldea.com/ca/,1
https://www.caldea.com/ca/termoludic/oferta-cirque-du-soleil-nen,https://www.caldea.com/ca/,2
https://www.caldea.com/ca/termoludic/oferta-entrada-esqui-ordino-arcalis,https://www.caldea.com/ca/,2
https://www.caldea.com/ca/termoludic/oferta-entrada-restaurante-hotel-lescloses,https://www.caldea.com/,1
https://www.caldea.com/ca/termoludic/oferta-familia-2-entrades-infatils-1-adult-gratis,https://www.caldea.com/ca/,2
https://www.caldea.com/ca/termoludic/oferta-families-2-adults-2-nens,https://www.caldea.com/ca/,1
https://www.caldea.com/ca/termoludic/oferta-hotel-centric-4estrelles,https://www.caldea.com/ca/,2
https://www.caldea.com/ca/termoludic/oferta-hotel-centric-massatge,https://www.caldea.com/ca/,1
https://www.caldea.com/ca/termoludic/oferta-hotel-les-closes-3estrelles,https://www.caldea.com/,1
https://www.caldea.com/ca/termoludic/oferta-naturland-hotel-espel-3,https://www.caldea.com/,1
https://www.caldea.com/ca/termoludic/oferta-sopar-restaurant-aquatic-espectacle,https://www.caldea.com/ca/,6
https://www.caldea.com/ca/termoludic/oferta-termoludic-naturlandia,https://www.caldea.com/,3
https://www.caldea.com/ca/termoludic/pq10454-50-termoludic-20-massatge,https://www.caldea.com/ca/,1
https://www.caldea.com/ca/termoludic/pq12331-30-entrada-termoludic-massatge-20,https://www.caldea.com/ca/,1
https://www.caldea.com/ca/termoludic/promocio-matins,https://www.caldea.com/ca/,7
https://www.caldea.com/ca/termoludic/ski-relax-termoludic-vallnord-ordino-arcalis,https://www.caldea.com/,1
https://www.caldea.com/ca/termoludic/spa-forfet-2-dies-grandvalira-hotel-4,https://www.caldea.com/ca/,1
https://www.caldea.com/ca/thai,https://www.caldea.com/,1
https://www.caldea.com/classic/1-entrada-de-adulto-1-entrada-de-nino-gratis,https://www.caldea.com/,2
https://www.caldea.com/classic/2-entradas-infantiles-gratis-1-entrada-de-adulto,https://www.caldea.com/,1
https://www.caldea.com/classic/black-friday-2x1-entrada-masaje-origines-gratis,https://www.caldea.com/,3
https://www.caldea.com/classic/circo-sol-classic-hotel-espel,https://www.caldea.com/,1
https://www.caldea.com/classic/circo-sol-diva-classic-hotel-closes,https://www.caldea.com/,1
https://www.caldea.com/classic/circo-sol-rebel-classic-hotel-centric,https://www.caldea.com/,2
https://www.caldea.com/classic/entrada-al-spa-pool-bar-solo-julio-y-agosto,https://www.caldea.com/,4
https://www.caldea.com/classic/entrada-classic-actividades-vallnord-pal-arinsal,https://www.caldea.com/,1
https://www.caldea.com/classic/entrada-classic-karts-en-palacio-de-hielo-de-canillo,https://www.caldea.com/,1
https://www.caldea.com/classic/entrada-classic-world-padel-tour,https://www.caldea.com/,1
https://www.caldea.com/classic/entrada-de-2h-al-classic-comida-en-hard-rock,https://www.caldea.com/,1
https://www.caldea.com/classic/entrada-mananas-exclusiva-web,https://www.caldea.com/,1
https://www.caldea.com/classic/entrada-nocturna-telecabina-vallnord-pal-la-massana,https://www.caldea.com/,1
https://www.caldea.com/classic/entrada-spa-comida-restaurante-acuatico-espectaculo,https://www.caldea.com/,1
https://www.caldea.com/classic/entrada-spa-con-origenes-cena-rest-blu-show,https://www.caldea.com/,3
https://www.caldea.com/classic/entrada-spa-vallnord-naturlandia-multiactividades,https://www.caldea.com/,1
https://www.caldea.com/classic/festival-jazz-andorra,https://www.caldea.com/,1
https://www.caldea.com/classic/forfait-2-días-grandvalira-hotel-4,https://www.caldea.com/,1
https://www.caldea.com/classic/masaje-gravitas-45min,https://www.caldea.com/,1
https://www.caldea.com/classic/masaje-infantil-30min,https://www.caldea.com/,1
https://www.caldea.com/classic/oferta-anticipada-entrada-esqui-vallnord-hotel-closes-3,https://www.caldea.com/,2
https://www.caldea.com/classic/oferta-anticipada-entrada-esqui-vallnord-hotel-mola-park-4,https://www.caldea.com/,1
https://www.caldea.com/classic/oferta-classic-naturlandia,https://www.caldea.com/,1
https://www.caldea.com/classic/oferta-entrada-noche-cena-espectaculos,https://www.caldea.com/,3
https://www.caldea.com/classic/oferta-entrada-restaurante-hotel-centric,https://www.caldea.com/,1
https://www.caldea.com/classic/oferta-entrada-restaurante-hotel-lescloses,https://www.caldea.com/,1
https://www.caldea.com/classic/oferta-familias-2-adultos-2-ninos,https://www.caldea.com/,1
https://www.caldea.com/classic/oferta-hotel-centric-4estrellas,https://www.caldea.com/,1
https://www.caldea.com/classic/oferta-hotel-centric-masaje,https://www.caldea.com/,1
https://www.caldea.com/classic/oferta-hotel-les-closes-3estrellas,https://www.caldea.com/,1
https://www.caldea.com/classic/oferta-spa-esqui-ordino-arcalis,https://www.caldea.com/,1
https://www.caldea.com/classic/pal-arinsal-oferta-especial,https://www.caldea.com/,4
https://www.caldea.com/classic/pq10454-50-entrada-classic-20-min-masaje,https://www.caldea.com/,1
https://www.caldea.com/classic/pq12331-30-entrada-classic-masaje-20,https://www.caldea.com/,1
https://www.caldea.com/classic/promocion-mananas,https://www.caldea.com/,1
https://www.caldea.com/classic/ski-relax-classic-vallnord-ordino-arcalis,https://www.caldea.com/,1
https://www.caldea.com/en/asian-treatments/thai,https://www.caldea.com/,1
https://www.caldea.com/en/beauty-by-natura-biss,https://www.caldea.com/,3
https://www.caldea.com/en/book-a-workshop,https://www.caldea.com/en/place-order,1
https://www.caldea.com/en/classic/1-adult-ticket-1-children-ticket-for-free,https://www.caldea.com/en/,2
https://www.caldea.com/en/classic/2-child-admissions-1-adult-free,https://www.caldea.com/en/,1
https://www.caldea.com/en/classic/2-days-ski-pass-grandvalira-and-hotel,https://www.caldea.com/en/,1
https://www.caldea.com/en/classic/30min-child-s-massage,https://www.caldea.com/en/,1
https://www.caldea.com/en/classic/45min-gravitas-massage,https://www.caldea.com/en/,1
https://www.caldea.com/en/classic/50-off-admission-to-classic-20-min-massage,https://www.caldea.com/,2
https://www.caldea.com/en/classic/admission-to-classic-karting-in-ice-palace-in-canillo,https://www.caldea.com/en/,1
https://www.caldea.com/en/classic/admission-to-classic-vallnord-pal-arinsal-activities,https://www.caldea.com/,1
https://www.caldea.com/en/classic/admission-to-spa-dinner-blu-restaurant-show,https://www.caldea.com/en/,3
https://www.caldea.com/en/classic/admission-to-spa-lunch-aquatic-restaurant-show,https://www.caldea.com/en/,1
https://www.caldea.com/en/classic/black-friday-offer,https://www.caldea.com/en/,1
https://www.caldea.com/en/classic/cirque-soleil-diva-classic-hotel-closes,https://www.caldea.com/en/,1
https://www.caldea.com/en/classic/cirque-soleil-hotel-espel,https://www.caldea.com/,1
https://www.caldea.com/en/classic/cirque-soleil-rebel-classic-hotel-centric,https://www.caldea.com/,1
https://www.caldea.com/en/classic/classic-admission-world-padel-tour,https://www.caldea.com/en/,1
https://www.caldea.com/en/classic/early-booking-offer-entry-ski-vallnord-hotel-closes-3,https://www.caldea.com/en/,1
https://www.caldea.com/en/classic/early-booking-offer-entry-ski-vallnord-hotel-mola-park-4,https://www.caldea.com/en/,1
https://www.caldea.com/en/classic/entrance-pal-arinsal-limited-offer,https://www.caldea.com/en/,3
https://www.caldea.com/en/classic/festival-jazz-andorra,https://www.caldea.com/en/,2
https://www.caldea.com/en/classic/morning-admissions-online-exclusive,https://www.caldea.com/en/,1
https://www.caldea.com/en/classic/naturland-hotel-espel-offer,https://www.caldea.com/,1
https://www.caldea.com/en/classic/night-admission-cable-car-vallnord-pal-la-massana,https://www.caldea.com/en/,2
https://www.caldea.com/en/classic/offer-admission-night-diner-show,https://www.caldea.com/en/,2
https://www.caldea.com/en/classic/offer-admission-restaurant-hotel-lescloses,https://www.caldea.com/,1
https://www.caldea.com/en/classic/offer-admission-ski-ordino-arcalis,https://www.caldea.com/en/,1
https://www.caldea.com/en/classic/offer-classic-naturlandia,https://www.caldea.com/,3
https://www.caldea.com/en/classic/offer-families-2-adults-2-children,https://www.caldea.com/en/,2
https://www.caldea.com/en/classic/offer-hotel-centric-4stars,https://www.caldea.com/en/,1
https://www.caldea.com/en/classic/offer-hotel-centric-massage,https://www.caldea.com/en/,1
https://www.caldea.com/en/classic/promotion-morning,https://www.caldea.com/en/,1
https://www.caldea.com/en/classic/ski-relax-classic-vallnord-ordino-arcalis,https://www.caldea.com/,1
https://www.caldea.com/en/facial-treatment-by-sothys-organics,https://www.caldea.com/,1
https://www.caldea.com/en/massages/children,https://www.caldea.com/,1
https://www.caldea.com/en/massages/duo,https://www.caldea.com/,3
https://www.caldea.com/en/massages/mum-to-be,https://www.caldea.com/,1
https://www.caldea.com/en/my-account-history,https://www.caldea.com/en/login,3040
https://www.caldea.com/en/plus/afternoon-admission,https://www.caldea.com/en/,2
https://www.caldea.com/en/plus/noon-admission,https://www.caldea.com/en/,1
https://www.caldea.com/en/premium/30-min-the-cure,https://www.caldea.com/en/,1
https://www.caldea.com/en/premium/3h-ticket-technical-stop-of-classic-taquilla,https://www.caldea.com/en/,2
https://www.caldea.com/en/premium/60-min-abhyanga,https://www.caldea.com/en/,1
https://www.caldea.com/en/premium/60-minute-3d-collagen-shock,https://www.caldea.com/en/,1
https://www.caldea.com/en/premium/60-minute-deep-cleanse-the-cure,https://www.caldea.com/en/,1
https://www.caldea.com/en/premium/60-minute-royal-citrus-ritual,https://www.caldea.com/en/,1
https://www.caldea.com/en/premium/90-minute-diamond-experience-multisensorial,https://www.caldea.com/en/,1
https://www.caldea.com/en/premium/abhyanga-ubtan-tratment-90,https://www.caldea.com/en/,1
https://www.caldea.com/en/premium/admission-3h-mola-park-hotel-classic-technical-stop,https://www.caldea.com/en/,1
https://www.caldea.com/en/premium/admission-menu-hard-rock-andorra,https://www.caldea.com/en/,1
https://www.caldea.com/en/premium/black-friday-promotion,https://www.caldea.com/en/,1
https://www.caldea.com/en/premium/facial-treatment-collagen-shock-60-minutes,https://www.caldea.com/en/,3
https://www.caldea.com/en/premium/grapefruit-aromatic-massage,https://www.caldea.com/en/,2
https://www.caldea.com/en/premium/indian-head-and-face-30-min,https://www.caldea.com/en/,1
https://www.caldea.com/en/premium/night-entry,https://www.caldea.com/en/,7
https://www.caldea.com/en/premium/offer-3-hours-entrance-siam-shiki-dinner-mola-park-hotel,https://www.caldea.com/en/,1
https://www.caldea.com/en/premium/offer-admission-ski-ordino-arcalis,https://www.caldea.com/en/,1
https://www.caldea.com/en/premium/offer-admission-vallnord,https://www.caldea.com/en/,2
https://www.caldea.com/en/premium/offer-entrance-hotel-panorama-siam-shiki-menu,https://www.caldea.com/en/,1
https://www.caldea.com/en/premium/offer-massage-1hour-20-discount,https://www.caldea.com/en/,2
https://www.caldea.com/en/premium/offer-oxygenation-season-sothys,https://www.caldea.com/,2
https://www.caldea.com/en/premium/offer-premium-hotel-centric-4stars,https://www.caldea.com/en/,1
https://www.caldea.com/en/premium/padabhyanga-30,https://www.caldea.com/en/,1
https://www.caldea.com/en/premium/premium-admission-menu-mediterranean-restaurant,https://www.caldea.com/,1
https://www.caldea.com/en/premium/premium-afternoon-admission,https://www.caldea.com/en/,1
https://www.caldea.com/en/premium/premium-citrus-boby-scrub-60min,https://www.caldea.com/en/,1
https://www.caldea.com/en/premium/premium-molapark-hotel-massage-60min,https://www.caldea.com/en/,1
https://www.caldea.com/en/premium/private-spa-30-min-exclusive-web,https://www.caldea.com/en/,2
https://www.caldea.com/en/premium/promo-admission-massage-les-closes-3-h-hotel,https://www.caldea.com/,1
https://www.caldea.com/en/premium/promo-admission-massage-mola-park-4-hotel,https://www.caldea.com/en/,1
https://www.caldea.com/en/premium/promo-back-massage-cbd-oil,https://www.caldea.com/en/,1
https://www.caldea.com/en/premium/promo-entry-3h,https://www.caldea.com/en/,1
https://www.caldea.com/en/premium/promotion-admission-les-closes-3-hotel,https://www.caldea.com/,2
https://www.caldea.com/en/premium/promotion-admission-mola-park-4-hotel,https://www.caldea.com/en/,1
https://www.caldea.com/en/premium/shiatsu-60,https://www.caldea.com/en/,1
https://www.caldea.com/en/premium/shiroabhyanga-30,https://www.caldea.com/en/,1
https://www.caldea.com/en/premium/sothys-ancestral-indonesia-60,https://www.caldea.com/en/,1
https://www.caldea.com/en/premium/sothys-basic-energy-detox-45,https://www.caldea.com/en/,1
https://www.caldea.com/en/premium/sothys-intense-energy-detox-75,https://www.caldea.com/en/,2
https://www.caldea.com/en/premium/sothys-seasonal-oxygenation-60,https://www.caldea.com/en/,1
https://www.caldea.com/en/premium/spa-admission-les-closes-youth-card,https://www.caldea.com/,1
https://www.caldea.com/en/premium/spa-christmas-admission-arthotel-4,https://www.caldea.com/,1
https://www.caldea.com/en/premium/spa-jazz-festival-andorra,https://www.caldea.com/en/,1
https://www.caldea.com/en/premium/special-offer-entrance-hotel-mola-park,https://www.caldea.com/en/,1
https://www.caldea.com/en/premium/special-offer-hotel-panorama-andorra,https://www.caldea.com/en/,1
https://www.caldea.com/en/premium/special-offer-panorama-hotel-andorra,https://www.caldea.com/en/,1
https://www.caldea.com/en/premium/special-offer-siam-shiki-diner,https://www.caldea.com/en/,2
https://www.caldea.com/en/premium/spring-getaway-spa-3h-admission-hotel,https://www.caldea.com/,1
https://www.caldea.com/en/residents-entries,https://www.caldea.com/en/,4
https://www.caldea.com/fr/beaut-by-natura-bisse,https://www.caldea.com/,3
https://www.caldea.com/fr/classic/1-entree-adulte-1-entree-enfant-gratuite,https://www.caldea.com/fr/,2
https://www.caldea.com/fr/classic/50-entree-au-classic-mass-20-hotel-closes-3,https://www.caldea.com/,1
https://www.caldea.com/fr/classic/50-entree-au-classic-massage-20,https://www.caldea.com/,2
https://www.caldea.com/fr/classic/aventure-spa-enfants-vallnord-et-naturlandia,https://www.caldea.com/,1
https://www.caldea.com/fr/classic/cirque-soleil-diva-classic-hotel-closes,https://www.caldea.com/fr/,1
https://www.caldea.com/fr/classic/cirque-soleil-rebel-classic-hotel-centric,https://www.caldea.com/,1
https://www.caldea.com/fr/classic/cirque-soleil-rebel-classic-hotel-espel,https://www.caldea.com/,1
https://www.caldea.com/fr/classic/club-caprabo-classic-vallnord-pal-arinsal,https://www.caldea.com/,1
https://www.caldea.com/fr/classic/entree-au-classic-activites-vallnord-pal-arinsal,https://www.caldea.com/,1
https://www.caldea.com/fr/classic/entree-au-classic-dejeuner-au-hard-rock-cafe,https://www.caldea.com/fr/,1
https://www.caldea.com/fr/classic/entree-au-classic-dinner-au-hard-rock-cafe,https://www.caldea.com/fr/,1
https://www.caldea.com/fr/classic/entree-classic-entree-world-padel-tour,https://www.caldea.com/fr/,1
https://www.caldea.com/fr/classic/entree-classic-karts-au-palais-de-glace-de-canillo,https://www.caldea.com/fr/,1
https://www.caldea.com/fr/classic/entree-matin-exclusive-web,https://www.caldea.com/fr/,1
https://www.caldea.com/fr/classic/entree-nocturne-telecabine-vallnord-pal-la-massana,https://www.caldea.com/fr/,2
https://www.caldea.com/fr/classic/entree-pal-arinsal-offre-limitee,https://www.caldea.com/fr/,4
https://www.caldea.com/fr/classic/entree-spa-dejeuner-restaurant-aquatique-spectacle,https://www.caldea.com/fr/,1
https://www.caldea.com/fr/classic/entree-spa-et-origines-diner-rest-blu-show,https://www.caldea.com/fr/,3
https://www.caldea.com/fr/classic/entree-spa-forfait-ski-pal-arinsal-hotel,https://www.caldea.com/,1
https://www.caldea.com/fr/classic/festival-jazz-andorra,https://www.caldea.com/fr/,2
https://www.caldea.com/fr/classic/massage-gravitas-45min,https://www.caldea.com/fr/,1
https://www.caldea.com/fr/classic/massage-pour-enfants-30min,https://www.caldea.com/fr/,1
https://www.caldea.com/fr/classic/offre-anticipee-entree-ski-vallnord-hotel-closes-3,https://www.caldea.com/,3
https://www.caldea.com/fr/classic/offre-anticipee-entree-ski-vallnord-hotel-mola-park-4,https://www.caldea.com/,1
https://www.caldea.com/fr/classic/offre-cirque-du-soleil-enfant,https://www.caldea.com/fr/,1
https://www.caldea.com/fr/classic/offre-classic-naturlandia,https://www.caldea.com/,3
https://www.caldea.com/fr/classic/offre-entree-nuit-diner-spectacles,https://www.caldea.com/fr/,3
https://www.caldea.com/fr/classic/offre-entree-restaurant-hotel-lescloses,https://www.caldea.com/,1
https://www.caldea.com/fr/classic/offre-entree-ski-ordino-arcalis,https://www.caldea.com/fr/,1
https://www.caldea.com/fr/classic/offre-famille-2-entrees-enfant-1-adulte-gratuit,https://www.caldea.com/fr/,1
https://www.caldea.com/fr/classic/offre-familles-2-adultes-2-enfants,https://www.caldea.com/fr/,1
https://www.caldea.com/fr/classic/offre-hotel-centric-4etoiles,https://www.caldea.com/fr/,1
https://www.caldea.com/fr/classic/offre-hotel-centric-massage,https://www.caldea.com/fr/,1
https://www.caldea.com/fr/classic/offre-hotel-les-closes-3etoiles,https://www.caldea.com/,1
https://www.caldea.com/fr/classic/offre-naturland-hotel-espel-3,https://www.caldea.com/,1
https://www.caldea.com/fr/classic/pq10454-50-classic-20-massage,https://www.caldea.com/fr/,1
https://www.caldea.com/fr/classic/pq12331-30-entree-classic-massage-20,https://www.caldea.com/fr/,1
https://www.caldea.com/fr/classic/promotion-black-friday,https://www.caldea.com/fr/,1
https://www.caldea.com/fr/classic/promotion-matin,https://www.caldea.com/fr/,1
https://www.caldea.com/fr/classic/ski-relax-classic-vallnord-ordino-arcalis,https://www.caldea.com/,1
https://www.caldea.com/fr/massages/duo,https://www.caldea.com/,3
https://www.caldea.com/fr/massages/enfants,https://www.caldea.com/,1
https://www.caldea.com/fr/massages/femmes-enceintes,https://www.caldea.com/,1
https://www.caldea.com/fr/mon-compte-historique,https://www.caldea.com/fr/login,3100
https://www.caldea.com/fr/offres-hotel,https://www.caldea.com/,1
https://www.caldea.com/fr/plus/entree-midi,https://www.caldea.com/fr/,2
https://www.caldea.com/fr/premium/3d-collagen-shock-60-minutes,https://www.caldea.com/fr/,1
https://www.caldea.com/fr/premium/abhyanga-60-min,https://www.caldea.com/fr/,1
https://www.caldea.com/fr/premium/athletics-sothys-60,https://www.caldea.com/fr/,1
https://www.caldea.com/fr/premium/bain-de-pamplemousses-et-massage-aromatique-45min,https://www.caldea.com/fr/,2
https://www.caldea.com/fr/premium/citrus-boby-scrub-60min,https://www.caldea.com/fr/,1
https://www.caldea.com/fr/premium/detox-energie-basic-sothys-45,https://www.caldea.com/fr/,1
https://www.caldea.com/fr/premium/detox-energie-intensif-sothys-75,https://www.caldea.com/fr/,2
https://www.caldea.com/fr/premium/diamond-experience-multisensorial-90-min,https://www.caldea.com/fr/,1
https://www.caldea.com/fr/premium/embleme-amincissement-sothys-60,https://www.caldea.com/fr/,1
https://www.caldea.com/fr/premium/entree-3-heures-arret-technique-du-thermludique-taquilla,https://www.caldea.com/fr/,1
https://www.caldea.com/fr/premium/entree-apres-midi-a-premium,https://www.caldea.com/fr/,1
https://www.caldea.com/fr/premium/entree-au-classic-menu-hard-rock-adulte,https://www.caldea.com/,1
https://www.caldea.com/fr/premium/entree-massage-20-remise,https://www.caldea.com/fr/,1
https://www.caldea.com/fr/premium/entree-menu-hard-rock-andorre,https://www.caldea.com/fr/,1
https://www.caldea.com/fr/premium/entree-novembre-relax-premium,https://www.caldea.com/fr/,1
https://www.caldea.com/fr/premium/entree-nuit,https://www.caldea.com/fr/,7
https://www.caldea.com/fr/premium/entree-premium-menu-restaurant-mediterraneen,https://www.caldea.com/,1
https://www.caldea.com/fr/premium/entree-premium-soin-30-private-wellness-spa-no-ok,https://www.caldea.com/,1
https://www.caldea.com/fr/premium/festival-classicand-makom,https://www.caldea.com/,1
https://www.caldea.com/fr/premium/ie11025-entree-premium-3-heures,https://www.caldea.com/fr/,1
https://www.caldea.com/fr/premium/indian-head-and-face-30,https://www.caldea.com/fr/,1
https://www.caldea.com/fr/premium/indonesie-ancestrale-sothys-60,https://www.caldea.com/fr/,1
https://www.caldea.com/fr/premium/offre-black-friday,https://www.caldea.com/fr/,1
https://www.caldea.com/fr/premium/offre-de-printemps-premium-3h-hotel,https://www.caldea.com/,1
https://www.caldea.com/fr/premium/offre-entree-hotel-delfos,https://www.caldea.com/,1
https://www.caldea.com/fr/premium/offre-entree-hotel-panorama-menu-siam-shiki,https://www.caldea.com/fr/,1
https://www.caldea.com/fr/premium/offre-entree-ski-ordino-arcalis,https://www.caldea.com/fr/,1
https://www.caldea.com/fr/premium/offre-entree-vallnord,https://www.caldea.com/fr/,2
https://www.caldea.com/fr/premium/offre-oxygenation-saison-sothys,https://www.caldea.com/,2
https://www.caldea.com/fr/premium/offre-premium-hotel-centric-4etoiles,https://www.caldea.com/fr/,1
https://www.caldea.com/fr/premium/offre-special-entree-diner-siam-shiki,https://www.caldea.com/fr/,2
https://www.caldea.com/fr/premium/offre-speciale-entree-hotel-mola-park,https://www.caldea.com/fr/,1
https://www.caldea.com/fr/premium/offre-speciale-entree-hotel-panorama-andorre,https://www.caldea.com/fr/,1
https://www.caldea.com/fr/premium/offre-speciale-hotel-panorama-andorre,https://www.caldea.com/fr/,1
https://www.caldea.com/fr/premium/oxygenation-saison-sothys-60,https://www.caldea.com/fr/,1
https://www.caldea.com/fr/premium/padabhyanga-30,https://www.caldea.com/fr/,1
https://www.caldea.com/fr/premium/premium-molapark-hotel-massage-60min,https://www.caldea.com/fr/,1
https://www.caldea.com/fr/premium/promo-entree-soin-visage-sothys,https://www.caldea.com/fr/,1
https://www.caldea.com/fr/premium/promotion-entree-hotel-les-closes-3,https://www.caldea.com/,1
https://www.caldea.com/fr/premium/promotion-entree-hotel-mola-park-4,https://www.caldea.com/fr/,1
https://www.caldea.com/fr/premium/promotion-entree-massage-hotel-les-closes-3,https://www.caldea.com/,1
https://www.caldea.com/fr/premium/promotion-entree-massage-hotel-mola-park-4,https://www.caldea.com/fr/,1
https://www.caldea.com/fr/premium/royal-citrus-ritual-60min,https://www.caldea.com/fr/,1
https://www.caldea.com/fr/premium/shiatsu-60,https://www.caldea.com/fr/,1
https://www.caldea.com/fr/premium/shiroabhyanga-30,https://www.caldea.com/fr/,1
https://www.caldea.com/fr/premium/soin-visage-collagene-shock-60-minutes,https://www.caldea.com/fr/,3
https://www.caldea.com/fr/premium/spa-jazz-festival-andorra,https://www.caldea.com/fr/,1
https://www.caldea.com/fr/premium/spa-privee-30-mn-exclusif-web,https://www.caldea.com/fr/,2
https://www.caldea.com/fr/premium/the-cure-30-min,https://www.caldea.com/fr/,1
https://www.caldea.com/fr/premium/the-cure-hygiene-profonde-60-min,https://www.caldea.com/fr/,1
https://www.caldea.com/fr/premium/traitement-abhyanga-ubtan-90,https://www.caldea.com/fr/,1
https://www.caldea.com/fr/premium/udvarthanam-75,https://www.caldea.com/fr/,1
https://www.caldea.com/fr/reserver-un-atelier,https://www.caldea.com/fr/place-order,1
https://www.caldea.com/fr/soins-orientaux/thai,https://www.caldea.com/,1
https://www.caldea.com/fr/visage-by-sothys-organics,https://www.caldea.com/,1
https://www.caldea.com/masajes/duo,https://www.caldea.com/,6
https://www.caldea.com/masajes/infantil,https://www.caldea.com/,1
https://www.caldea.com/masajes/premama,https://www.caldea.com/,1
https://www.caldea.com/mi-cuenta-historial,https://www.caldea.com/login,3108
https://www.caldea.com/premium/3d-collagen-shock-60-min,https://www.caldea.com/,1
https://www.caldea.com/premium/abhyanga-60-min,https://www.caldea.com/,1
https://www.caldea.com/premium/athletics-sothys-45,https://www.caldea.com/,1
https://www.caldea.com/premium/detox-energie-basico-sothys-45,https://www.caldea.com/,1
https://www.caldea.com/premium/detox-energie-intensivo-sothys-75,https://www.caldea.com/,1
https://www.caldea.com/premium/diamond-experience-multisensorial-90-min,https://www.caldea.com/,1
https://www.caldea.com/premium/emblema-adelgazamiento-sothys-60,https://www.caldea.com/,1
https://www.caldea.com/premium/entrada-3h-parada-tecnica-del-classic-taquilla,https://www.caldea.com/,1
https://www.caldea.com/premium/entrada-de-noche,https://www.caldea.com/,6
https://www.caldea.com/premium/entrada-menu-hard-rock-andorra,https://www.caldea.com/,1
https://www.caldea.com/premium/entrada-premium-masaje-30min-private-wellness-spa-no-ok,https://www.caldea.com/,1
https://www.caldea.com/premium/entrada-premium-menu-restaurante-mediterraneo,https://www.caldea.com/,1
https://www.caldea.com/premium/entrada-promocion-3h,https://www.caldea.com/,1
https://www.caldea.com/premium/entrada-tarde-a-premium,https://www.caldea.com/,1
https://www.caldea.com/premium/escapada-primavera-entrada-spa-hotel-4,https://www.caldea.com/,1
https://www.caldea.com/premium/festival-classicand-makom,https://www.caldea.com/,1
https://www.caldea.com/premium/ie11025-entrada-premium-3-horas,https://www.caldea.com/,1
https://www.caldea.com/premium/indian-head-and-face-30,https://www.caldea.com/,1
https://www.caldea.com/premium/indonesia-ancestral-sothys-60,https://www.caldea.com/,1
https://www.caldea.com/premium/masaje-medida-sothys-1-hora-duo,https://www.caldea.com/,4
https://www.caldea.com/premium/menu-siam-shiki-oferta-especial,https://www.caldea.com/,1
https://www.caldea.com/premium/oferta-cirque-du-soleil-nino,https://www.caldea.com/,1
https://www.caldea.com/premium/oferta-entrada-esqui-ordino-arcalis,https://www.caldea.com/,1
https://www.caldea.com/premium/oferta-entrada-hotel-panorama-menu-siam-shiki,https://www.caldea.com/,1
https://www.caldea.com/premium/oferta-entrada-masaje-20-descuento,https://www.caldea.com/,2
https://www.caldea.com/premium/oferta-especial-entrada-hotel-mola-park,https://www.caldea.com/,1
https://www.caldea.com/premium/oferta-especial-panorama-hotel-andorra,https://www.caldea.com/,1
https://www.caldea.com/premium/oferta-invierno-spa-hotel-panorama,https://www.caldea.com/,1
https://www.caldea.com/premium/oferta-oxigenacion-temporada-sothys,https://www.caldea.com/,1
https://www.caldea.com/premium/oferta-premium-hotel-centric-4estrellas,https://www.caldea.com/,1
https://www.caldea.com/premium/oferta-spa-esqui-vallnord,https://www.caldea.com/,3
https://www.caldea.com/premium/oferta-spa-navidad-entrada-arthotel-4,https://www.caldea.com/,1
https://www.caldea.com/premium/oxigenacion-temporada-sothys-60,https://www.caldea.com/,1
https://www.caldea.com/premium/padabhyanga-30,https://www.caldea.com/,1
https://www.caldea.com/premium/pomelos-masaje-aromatico,https://www.caldea.com/,2
https://www.caldea.com/premium/premium-citrus-boby-scrub-60min,https://www.caldea.com/,1
https://www.caldea.com/premium/premium-citrus-boby-scrub-90min,https://www.caldea.com/,1
https://www.caldea.com/premium/premium-diamond-lifting-90min,https://www.caldea.com/,1
https://www.caldea.com/premium/premium-molapark-hotel-masaje-60min,https://www.caldea.com/,1
https://www.caldea.com/premium/promo-30-entrada-facial-sothys,https://www.caldea.com/,1
https://www.caldea.com/premium/promocion-entrada-hotel-les-closes-3,https://www.caldea.com/,2
https://www.caldea.com/premium/promocion-entrada-hotel-mola-park-4,https://www.caldea.com/,1
https://www.caldea.com/premium/promocion-entrada-masaje-hotel-les-closes-3,https://www.caldea.com/,1
https://www.caldea.com/premium/promocion-entrada-masaje-hotel-mola-park-4,https://www.caldea.com/,1
https://www.caldea.com/premium/romantic-room-30,https://www.caldea.com/,2
https://www.caldea.com/premium/royal-citrus-ritual-60min,https://www.caldea.com/,1
https://www.caldea.com/premium/shiatsu-60-min,https://www.caldea.com/,1
https://www.caldea.com/premium/shiroabhyanga-30,https://www.caldea.com/,1
https://www.caldea.com/premium/spa-festival-de-jazz-andorra,https://www.caldea.com/,1
https://www.caldea.com/premium/spa-hotel-carne-joven,https://www.caldea.com/,1
https://www.caldea.com/premium/the-cure-30-min,https://www.caldea.com/,1
https://www.caldea.com/premium/the-cure-higiene-profunda-60-min,https://www.caldea.com/,1
https://www.caldea.com/premium/tratamiento-abhyanga-ubtan-90,https://www.caldea.com/,1
https://www.caldea.com/premium/tratamiento-facial-collagen-shock-60-minutos,https://www.caldea.com/,3
https://www.caldea.com/premium/udvarthanam-75,https://www.caldea.com/,1
https://www.caldea.com/que-es-caldea-historia-old,https://www.caldea.com/,3
https://www.caldea.com/reserva-un-taller,https://www.caldea.com/place-order,1
